{
    "name": "sharon_mathematical",
    "roles": [
        "sharon_mathematical"
    ],
    "lookups": [
        "free-text",
        "keywords"
    ],
    "keywords": [
        {
            "keyword": "added",
            "synonyms": [
                "added"
            ]
        },
        {
            "keyword": "divided",
            "synonyms": [
                "divided"
            ]
        },
        {
            "keyword": "minus",
            "synonyms": [
                "minus"
            ]
        },
        {
            "keyword": "multiplied",
            "synonyms": [
                "multiplied"
            ]
        },
        {
            "keyword": "plus",
            "synonyms": [
                "plus"
            ]
        },
        {
            "keyword": "take",
            "synonyms": [
                "take"
            ]
        },
        {
            "keyword": "takeaway",
            "synonyms": [
                "takeaway"
            ]
        },
        {
            "keyword": "times",
            "synonyms": [
                "times"
            ]
        }
    ]
}
