{
    "name": "sharon_creators_name",
    "roles": [
        "sharon_creators_name"
    ],
    "lookups": [
        "free-text",
        "keywords"
    ],
    "keywords": [
        {
            "keyword": "Sia",
            "synonyms": [
                "sia"
            ]
        },
        {
            "keyword": "bruno mars",
            "synonyms": [
                "bruno mars"
            ]
        },
        {
            "keyword": "clairo",
            "synonyms": [
                "clairo"
            ]
        },
        {
            "keyword": "joji",
            "synonyms": [
                "joji"
            ]
        },
        {
            "keyword": "nixomnia",
            "synonyms": [
                "nixomnia"
            ]
        },
        {
            "keyword": "olly murs",
            "synonyms": [
                "olly murs"
            ]
        },
        {
            "keyword": "post malone",
            "synonyms": [
                "post malone"
            ]
        },
        {
            "keyword": "saint peters dream",
            "synonyms": [
                "saint peters dream"
            ]
        },
        {
            "keyword": "the weeknd",
            "synonyms": [
                "the weeknd"
            ]
        },
        {
            "keyword": "triple one",
            "synonyms": [
                "triple one"
            ]
        }
    ]
}
