{
    "name": "sharon_fear",
    "roles": [
        "sharon_fear"
    ],
    "lookups": [
        "free-text",
        "keywords"
    ],
    "keywords": [
        {
            "keyword": "scared",
            "synonyms": [
                "scared"
            ]
        },
        {
            "keyword": "scarily",
            "synonyms": [
                "scarily"
            ]
        },
        {
            "keyword": "scary",
            "synonyms": [
                "scary"
            ]
        },
        {
            "keyword": "terrifying",
            "synonyms": [
                "terrifying"
            ]
        }
    ]
}
