{
    "name": "sharon_device",
    "roles": [
        "sharon_device"
    ],
    "lookups": [
        "free-text",
        "keywords"
    ],
    "keywords": [
        {
            "keyword": "bedside lamp",
            "synonyms": [
                "bedside lamp"
            ]
        },
        {
            "keyword": "light",
            "synonyms": [
                "light"
            ]
        },
        {
            "keyword": "lights",
            "synonyms": [
                "lights"
            ]
        }
    ]
}
