{
    "name": "sharon_media_name",
    "roles": [
        "sharon_media_name"
    ],
    "lookups": [
        "free-text",
        "keywords"
    ],
    "keywords": [
        {
            "keyword": "62-143",
            "synonyms": [
                "62-143"
            ]
        },
        {
            "keyword": "circles",
            "synonyms": [
                "circles"
            ]
        },
        {
            "keyword": "grenade",
            "synonyms": [
                "grenade"
            ]
        },
        {
            "keyword": "parisian addiction",
            "synonyms": [
                "parisian addiction"
            ]
        },
        {
            "keyword": "planet six",
            "synonyms": [
                "planet six"
            ]
        },
        {
            "keyword": "pope is a rockstar",
            "synonyms": [
                "pope is a rockstar"
            ]
        },
        {
            "keyword": "run",
            "synonyms": [
                "run"
            ]
        },
        {
            "keyword": "save your tears",
            "synonyms": [
                "save your tears"
            ]
        },
        {
            "keyword": "sofia",
            "synonyms": [
                "sofia"
            ]
        },
        {
            "keyword": "titanium",
            "synonyms": [
                "titanium"
            ]
        },
        {
            "keyword": "up",
            "synonyms": [
                "up"
            ]
        }
    ]
}
