{
    "name": "sharon_lights_state",
    "roles": [
        "sharon_lights_state"
    ],
    "lookups": [
        "free-text",
        "keywords"
    ],
    "keywords": [
        {
            "keyword": "bright",
            "synonyms": [
                "bright"
            ]
        },
        {
            "keyword": "dark",
            "synonyms": [
                "dark"
            ]
        },
        {
            "keyword": "dim",
            "synonyms": [
                "dim"
            ]
        },
        {
            "keyword": "off",
            "synonyms": [
                "off"
            ]
        },
        {
            "keyword": "on",
            "synonyms": [
                "on"
            ]
        }
    ]
}
