{
    "name": "sharon_weather",
    "roles": [
        "sharon_weather"
    ],
    "lookups": [
        "free-text",
        "keywords"
    ],
    "keywords": [
        {
            "keyword": "raining",
            "synonyms": [
                "raining"
            ]
        },
        {
            "keyword": "sunny",
            "synonyms": [
                "sunny"
            ]
        },
        {
            "keyword": "weather",
            "synonyms": [
                "weather"
            ]
        }
    ]
}
