{
    "name": "sharon_amount",
    "roles": [
        "sharon_amount"
    ],
    "lookups": [
        "free-text",
        "keywords"
    ],
    "keywords": [
        {
            "keyword": "1",
            "synonyms": [
                "1"
            ]
        },
        {
            "keyword": "2",
            "synonyms": [
                "2"
            ]
        },
        {
            "keyword": "3",
            "synonyms": [
                "3"
            ]
        },
        {
            "keyword": "5",
            "synonyms": [
                "5"
            ]
        },
        {
            "keyword": "7",
            "synonyms": [
                "7"
            ]
        },
        {
            "keyword": "9",
            "synonyms": [
                "9"
            ]
        },
        {
            "keyword": "12",
            "synonyms": [
                "12"
            ]
        },
        {
            "keyword": "13",
            "synonyms": [
                "13"
            ]
        },
        {
            "keyword": "15",
            "synonyms": [
                "15"
            ]
        },
        {
            "keyword": "18",
            "synonyms": [
                "18"
            ]
        },
        {
            "keyword": "one",
            "synonyms": [
                "one"
            ]
        },
        {
            "keyword": "two",
            "synonyms": [
                "two"
            ]
        }
    ]
}
