{
    "name": "sharon_room",
    "roles": [
        "sharon_room"
    ],
    "lookups": [
        "free-text",
        "keywords"
    ],
    "keywords": [
        {
            "keyword": "bathroom",
            "synonyms": [
                "bathroom"
            ]
        },
        {
            "keyword": "bedroom",
            "synonyms": [
                "bedroom"
            ]
        },
        {
            "keyword": "flat",
            "synonyms": [
                "flat"
            ]
        },
        {
            "keyword": "hall",
            "synonyms": [
                "hall"
            ]
        },
        {
            "keyword": "hallway",
            "synonyms": [
                "hallway"
            ]
        },
        {
            "keyword": "here",
            "synonyms": [
                "here"
            ]
        },
        {
            "keyword": "kitchen",
            "synonyms": [
                "kitchen"
            ]
        },
        {
            "keyword": "living room",
            "synonyms": [
                "living room"
            ]
        },
        {
            "keyword": "my bedroom",
            "synonyms": [
                "my bedroom"
            ]
        },
        {
            "keyword": "my room",
            "synonyms": [
                "my room"
            ]
        }
    ]
}
