{
    "utterances": [
        {
            "text": "1",
            "entities": [],
            "traits": []
        },
        {
            "text": "Hello Sharon.",
            "entities": [
                {
                    "entity": "sharon_greeting:sharon_greeting",
                    "start": 0,
                    "end": 6,
                    "body": "Hello ",
                    "entities": []
                }
            ],
            "traits": [
                {
                    "trait": "wit$sentiment",
                    "value": "positive"
                },
                {
                    "trait": "sharon_greet",
                    "value": "true"
                }
            ],
            "intent": "sharon_reply"
        },
        {
            "text": "Hey Sharon",
            "entities": [
                {
                    "entity": "sharon_greeting:sharon_greeting",
                    "start": 0,
                    "end": 4,
                    "body": "Hey ",
                    "entities": []
                },
                {
                    "entity": "sharon_AI_name:sharon_AI_name",
                    "start": 4,
                    "end": 10,
                    "body": "Sharon",
                    "entities": []
                }
            ],
            "traits": [
                {
                    "trait": "wit$sentiment",
                    "value": "positive"
                },
                {
                    "trait": "wit$greetings",
                    "value": "true"
                },
                {
                    "trait": "sharon_greet",
                    "value": "true"
                }
            ],
            "intent": "sharon_reply"
        },
        {
            "text": "Hey Sharon how are you",
            "entities": [
                {
                    "entity": "sharon_greeting:sharon_greeting",
                    "start": 0,
                    "end": 3,
                    "body": "Hey",
                    "entities": []
                },
                {
                    "entity": "sharon_AI_name:sharon_AI_name",
                    "start": 4,
                    "end": 10,
                    "body": "Sharon",
                    "entities": []
                },
                {
                    "entity": "sharon_question_mood:sharon_question_mood",
                    "start": 11,
                    "end": 22,
                    "body": "how are you",
                    "entities": []
                }
            ],
            "traits": [
                {
                    "trait": "wit$sentiment",
                    "value": "neutral"
                },
                {
                    "trait": "wit$greetings",
                    "value": "true"
                },
                {
                    "trait": "sharon_greet",
                    "value": "true"
                }
            ],
            "intent": "sharon_reply"
        },
        {
            "text": "Hey Sharon is it raining outside?",
            "entities": [
                {
                    "entity": "sharon_greeting:sharon_greeting",
                    "start": 0,
                    "end": 3,
                    "body": "Hey",
                    "entities": []
                },
                {
                    "entity": "sharon_AI_name:sharon_AI_name",
                    "start": 4,
                    "end": 10,
                    "body": "Sharon",
                    "entities": []
                },
                {
                    "entity": "sharon_weather:sharon_weather",
                    "start": 17,
                    "end": 24,
                    "body": "raining",
                    "entities": []
                }
            ],
            "traits": [
                {
                    "trait": "wit$sentiment",
                    "value": "neutral"
                },
                {
                    "trait": "wit$on_off",
                    "value": "on"
                },
                {
                    "trait": "sharon_question",
                    "value": "true"
                }
            ],
            "intent": "sharon_weather"
        },
        {
            "text": "Hey Sharon is it sunny outside?",
            "entities": [
                {
                    "entity": "sharon_greeting:sharon_greeting",
                    "start": 0,
                    "end": 3,
                    "body": "Hey",
                    "entities": []
                },
                {
                    "entity": "sharon_AI_name:sharon_AI_name",
                    "start": 4,
                    "end": 10,
                    "body": "Sharon",
                    "entities": []
                },
                {
                    "entity": "sharon_weather:sharon_weather",
                    "start": 17,
                    "end": 22,
                    "body": "sunny",
                    "entities": []
                },
                {
                    "entity": "sharon_location:sharon_location",
                    "start": 23,
                    "end": 30,
                    "body": "outside",
                    "entities": []
                }
            ],
            "traits": [
                {
                    "trait": "wit$sentiment",
                    "value": "neutral"
                },
                {
                    "trait": "wit$on_off",
                    "value": "on"
                },
                {
                    "trait": "wit$greetings",
                    "value": "true"
                },
                {
                    "trait": "sharon_question",
                    "value": "true"
                }
            ],
            "intent": "sharon_weather"
        },
        {
            "text": "Hey Sharon it's dark in here.",
            "entities": [
                {
                    "entity": "sharon_greeting:sharon_greeting",
                    "start": 0,
                    "end": 3,
                    "body": "Hey",
                    "entities": []
                },
                {
                    "entity": "sharon_AI_name:sharon_AI_name",
                    "start": 4,
                    "end": 10,
                    "body": "Sharon",
                    "entities": []
                },
                {
                    "entity": "sharon_lights_state:sharon_lights_state",
                    "start": 16,
                    "end": 20,
                    "body": "dark",
                    "entities": []
                },
                {
                    "entity": "sharon_room:sharon_room",
                    "start": 24,
                    "end": 28,
                    "body": "here",
                    "entities": []
                }
            ],
            "traits": [
                {
                    "trait": "wit$sentiment",
                    "value": "neutral"
                },
                {
                    "trait": "wit$on_off",
                    "value": "on"
                },
                {
                    "trait": "wit$greetings",
                    "value": "true"
                },
                {
                    "trait": "sharon_device_power",
                    "value": "on"
                }
            ],
            "intent": "sharon_lights"
        },
        {
            "text": "Hey Sharon what is 12 plus 12?",
            "entities": [
                {
                    "entity": "sharon_greeting:sharon_greeting",
                    "start": 0,
                    "end": 3,
                    "body": "Hey",
                    "entities": []
                },
                {
                    "entity": "sharon_AI_name:sharon_AI_name",
                    "start": 4,
                    "end": 10,
                    "body": "Sharon",
                    "entities": []
                },
                {
                    "entity": "sharon_amount:sharon_amount",
                    "start": 19,
                    "end": 21,
                    "body": "12",
                    "entities": []
                },
                {
                    "entity": "sharon_mathematical:sharon_mathematical",
                    "start": 22,
                    "end": 26,
                    "body": "plus",
                    "entities": []
                },
                {
                    "entity": "sharon_amount:sharon_amount",
                    "start": 27,
                    "end": 29,
                    "body": "12",
                    "entities": []
                }
            ],
            "traits": [
                {
                    "trait": "wit$sentiment",
                    "value": "neutral"
                },
                {
                    "trait": "wit$on_off",
                    "value": "on"
                },
                {
                    "trait": "wit$greetings",
                    "value": "true"
                },
                {
                    "trait": "sharon_maths",
                    "value": "true"
                },
                {
                    "trait": "sharon_question",
                    "value": "true"
                }
            ],
            "intent": "sharon_maths"
        },
        {
            "text": "Hey Sharon what's 12 plus 12?",
            "entities": [
                {
                    "entity": "sharon_mathematical:sharon_mathematical",
                    "start": 21,
                    "end": 25,
                    "body": "plus",
                    "entities": []
                },
                {
                    "entity": "sharon_amount:sharon_amount",
                    "start": 18,
                    "end": 20,
                    "body": "12",
                    "entities": []
                },
                {
                    "entity": "sharon_amount:sharon_amount",
                    "start": 26,
                    "end": 28,
                    "body": "12",
                    "entities": []
                },
                {
                    "entity": "sharon_AI_name:sharon_AI_name",
                    "start": 4,
                    "end": 10,
                    "body": "Sharon",
                    "entities": []
                },
                {
                    "entity": "sharon_greeting:sharon_greeting",
                    "start": 0,
                    "end": 3,
                    "body": "Hey",
                    "entities": []
                }
            ],
            "traits": [
                {
                    "trait": "wit$sentiment",
                    "value": "neutral"
                },
                {
                    "trait": "wit$on_off",
                    "value": "on"
                },
                {
                    "trait": "wit$greetings",
                    "value": "true"
                },
                {
                    "trait": "sharon_maths",
                    "value": "true"
                },
                {
                    "trait": "sharon_question",
                    "value": "true"
                }
            ],
            "intent": "sharon_maths"
        },
        {
            "text": "Hey Sharon what's one plus one?",
            "entities": [
                {
                    "entity": "sharon_greeting:sharon_greeting",
                    "start": 0,
                    "end": 3,
                    "body": "Hey",
                    "entities": []
                },
                {
                    "entity": "sharon_AI_name:sharon_AI_name",
                    "start": 4,
                    "end": 10,
                    "body": "Sharon",
                    "entities": []
                },
                {
                    "entity": "sharon_amount:sharon_amount",
                    "start": 18,
                    "end": 22,
                    "body": "one ",
                    "entities": []
                },
                {
                    "entity": "sharon_mathematical:sharon_mathematical",
                    "start": 22,
                    "end": 27,
                    "body": "plus ",
                    "entities": []
                },
                {
                    "entity": "sharon_amount:sharon_amount",
                    "start": 27,
                    "end": 30,
                    "body": "one",
                    "entities": []
                }
            ],
            "traits": [
                {
                    "trait": "wit$sentiment",
                    "value": "neutral"
                },
                {
                    "trait": "wit$greetings",
                    "value": "true"
                },
                {
                    "trait": "sharon_maths",
                    "value": "true"
                },
                {
                    "trait": "sharon_question",
                    "value": "true"
                }
            ],
            "intent": "sharon_maths"
        },
        {
            "text": "Hey Sharon what's the weather like",
            "entities": [
                {
                    "entity": "sharon_greeting:sharon_greeting",
                    "start": 0,
                    "end": 3,
                    "body": "Hey",
                    "entities": []
                },
                {
                    "entity": "sharon_AI_name:sharon_AI_name",
                    "start": 4,
                    "end": 10,
                    "body": "Sharon",
                    "entities": []
                },
                {
                    "entity": "sharon_weather:sharon_weather",
                    "start": 22,
                    "end": 29,
                    "body": "weather",
                    "entities": []
                }
            ],
            "traits": [
                {
                    "trait": "wit$greetings",
                    "value": "true"
                },
                {
                    "trait": "sharon_question",
                    "value": "true"
                }
            ],
            "intent": "sharon_weather"
        },
        {
            "text": "Hey Sharon what's two plus two?",
            "entities": [
                {
                    "entity": "sharon_greeting:sharon_greeting",
                    "start": 0,
                    "end": 3,
                    "body": "Hey",
                    "entities": []
                },
                {
                    "entity": "sharon_AI_name:sharon_AI_name",
                    "start": 4,
                    "end": 10,
                    "body": "Sharon",
                    "entities": []
                },
                {
                    "entity": "sharon_amount:sharon_amount",
                    "start": 18,
                    "end": 22,
                    "body": "two ",
                    "entities": []
                },
                {
                    "entity": "sharon_mathematical:sharon_mathematical",
                    "start": 22,
                    "end": 26,
                    "body": "plus",
                    "entities": []
                },
                {
                    "entity": "sharon_amount:sharon_amount",
                    "start": 27,
                    "end": 30,
                    "body": "two",
                    "entities": []
                }
            ],
            "traits": [
                {
                    "trait": "wit$sentiment",
                    "value": "neutral"
                },
                {
                    "trait": "wit$on_off",
                    "value": "on"
                },
                {
                    "trait": "wit$greetings",
                    "value": "true"
                },
                {
                    "trait": "sharon_question",
                    "value": "true"
                },
                {
                    "trait": "sharon_maths",
                    "value": "true"
                }
            ],
            "intent": "sharon_maths"
        },
        {
            "text": "Hey Sharon.",
            "entities": [
                {
                    "entity": "sharon_greeting:sharon_greeting",
                    "start": 0,
                    "end": 3,
                    "body": "Hey",
                    "entities": []
                },
                {
                    "entity": "sharon_AI_name:sharon_AI_name",
                    "start": 4,
                    "end": 10,
                    "body": "Sharon",
                    "entities": []
                }
            ],
            "traits": [
                {
                    "trait": "wit$greetings",
                    "value": "true"
                },
                {
                    "trait": "wit$sentiment",
                    "value": "positive"
                },
                {
                    "trait": "sharon_greet",
                    "value": "true"
                }
            ],
            "intent": "sharon_reply"
        },
        {
            "text": "I'm scared",
            "entities": [
                {
                    "entity": "sharon_fear:sharon_fear",
                    "start": 4,
                    "end": 10,
                    "body": "scared",
                    "entities": []
                }
            ],
            "traits": [
                {
                    "trait": "wit$sentiment",
                    "value": "negative"
                },
                {
                    "trait": "sharon_comfort",
                    "value": "true"
                }
            ],
            "intent": "sharon_comfort"
        },
        {
            "text": "I'm scared its too dark",
            "entities": [
                {
                    "entity": "sharon_fear:sharon_fear",
                    "start": 4,
                    "end": 11,
                    "body": "scared ",
                    "entities": []
                },
                {
                    "entity": "sharon_lights_state:sharon_lights_state",
                    "start": 19,
                    "end": 23,
                    "body": "dark",
                    "entities": []
                }
            ],
            "traits": [
                {
                    "trait": "wit$sentiment",
                    "value": "negative"
                },
                {
                    "trait": "wit$on_off",
                    "value": "on"
                },
                {
                    "trait": "sharon_comfort",
                    "value": "true"
                },
                {
                    "trait": "sharon_device_power",
                    "value": "on"
                }
            ],
            "intent": "sharon_lights"
        },
        {
            "text": "Is it raining outside?",
            "entities": [
                {
                    "entity": "sharon_weather:sharon_weather",
                    "start": 6,
                    "end": 13,
                    "body": "raining",
                    "entities": []
                }
            ],
            "traits": [
                {
                    "trait": "wit$sentiment",
                    "value": "neutral"
                },
                {
                    "trait": "wit$on_off",
                    "value": "off"
                },
                {
                    "trait": "sharon_question",
                    "value": "true"
                }
            ],
            "intent": "sharon_weather"
        },
        {
            "text": "Is it sunny outside?",
            "entities": [
                {
                    "entity": "sharon_weather:sharon_weather",
                    "start": 6,
                    "end": 12,
                    "body": "sunny ",
                    "entities": []
                }
            ],
            "traits": [
                {
                    "trait": "wit$sentiment",
                    "value": "neutral"
                },
                {
                    "trait": "sharon_question",
                    "value": "true"
                }
            ],
            "intent": "sharon_weather"
        },
        {
            "text": "It's dark in the living room",
            "entities": [
                {
                    "entity": "sharon_lights_state:sharon_lights_state",
                    "start": 5,
                    "end": 9,
                    "body": "dark",
                    "entities": []
                },
                {
                    "entity": "sharon_room:sharon_room",
                    "start": 17,
                    "end": 28,
                    "body": "living room",
                    "entities": []
                }
            ],
            "traits": [
                {
                    "trait": "wit$sentiment",
                    "value": "neutral"
                },
                {
                    "trait": "wit$on_off",
                    "value": "on"
                },
                {
                    "trait": "sharon_device_power",
                    "value": "on"
                }
            ],
            "intent": "sharon_lights"
        },
        {
            "text": "Lights on",
            "entities": [
                {
                    "entity": "sharon_device:sharon_device",
                    "start": 0,
                    "end": 6,
                    "body": "Lights",
                    "entities": []
                },
                {
                    "entity": "sharon_lights_state:sharon_lights_state",
                    "start": 7,
                    "end": 9,
                    "body": "on",
                    "entities": []
                }
            ],
            "traits": [
                {
                    "trait": "wit$sentiment",
                    "value": "neutral"
                },
                {
                    "trait": "wit$on_off",
                    "value": "on"
                },
                {
                    "trait": "sharon_device_power",
                    "value": "off"
                }
            ],
            "intent": "sharon_lights"
        },
        {
            "text": "Lights on in my bedroom",
            "entities": [
                {
                    "entity": "sharon_device:sharon_device",
                    "start": 0,
                    "end": 6,
                    "body": "Lights",
                    "entities": []
                },
                {
                    "entity": "sharon_lights_state:sharon_lights_state",
                    "start": 7,
                    "end": 9,
                    "body": "on",
                    "entities": []
                },
                {
                    "entity": "sharon_room:sharon_room",
                    "start": 13,
                    "end": 23,
                    "body": "my bedroom",
                    "entities": []
                }
            ],
            "traits": [
                {
                    "trait": "wit$on_off",
                    "value": "on"
                },
                {
                    "trait": "sharon_device_power",
                    "value": "off"
                }
            ],
            "intent": "sharon_lights"
        },
        {
            "text": "Play Parisian Addiction on Spotify",
            "entities": [
                {
                    "entity": "sharon_play_media:sharon_play_media",
                    "start": 0,
                    "end": 4,
                    "body": "Play",
                    "entities": []
                },
                {
                    "entity": "sharon_media_name:sharon_media_name",
                    "start": 5,
                    "end": 23,
                    "body": "Parisian Addiction",
                    "entities": []
                },
                {
                    "entity": "sharon_spotify_search:sharon_spotify_search",
                    "start": 27,
                    "end": 34,
                    "body": "Spotify",
                    "entities": []
                }
            ],
            "traits": [
                {
                    "trait": "wit$sentiment",
                    "value": "neutral"
                },
                {
                    "trait": "sharon_play_music",
                    "value": "true"
                },
                {
                    "trait": "sharon_media_name_available",
                    "value": "true"
                },
                {
                    "trait": "sharon_artist_name_available",
                    "value": "true"
                }
            ],
            "intent": "sharon_play_media"
        },
        {
            "text": "Sharon what's the weather like?",
            "entities": [
                {
                    "entity": "sharon_AI_name:sharon_AI_name",
                    "start": 0,
                    "end": 6,
                    "body": "Sharon",
                    "entities": []
                },
                {
                    "entity": "sharon_weather:sharon_weather",
                    "start": 18,
                    "end": 26,
                    "body": "weather ",
                    "entities": []
                }
            ],
            "traits": [
                {
                    "trait": "wit$sentiment",
                    "value": "neutral"
                },
                {
                    "trait": "sharon_question",
                    "value": "true"
                }
            ],
            "intent": "sharon_weather"
        },
        {
            "text": "Sharon.",
            "entities": [],
            "traits": []
        },
        {
            "text": "Sunny outside.",
            "entities": [],
            "traits": []
        },
        {
            "text": "it is dark in my room",
            "entities": [
                {
                    "entity": "sharon_lights_state:sharon_lights_state",
                    "start": 6,
                    "end": 10,
                    "body": "dark",
                    "entities": []
                },
                {
                    "entity": "sharon_room:sharon_room",
                    "start": 14,
                    "end": 21,
                    "body": "my room",
                    "entities": []
                }
            ],
            "traits": [
                {
                    "trait": "wit$sentiment",
                    "value": "positive"
                },
                {
                    "trait": "sharon_device_power",
                    "value": "off"
                }
            ],
            "intent": "sharon_lights"
        },
        {
            "text": "it is too bright in my bedroom",
            "entities": [
                {
                    "entity": "sharon_lights_state:sharon_lights_state",
                    "start": 10,
                    "end": 16,
                    "body": "bright",
                    "entities": []
                },
                {
                    "entity": "sharon_room:sharon_room",
                    "start": 20,
                    "end": 30,
                    "body": "my bedroom",
                    "entities": []
                }
            ],
            "traits": [
                {
                    "trait": "sharon_device_power",
                    "value": "on"
                }
            ],
            "intent": "sharon_lights"
        },
        {
            "text": "it is too dark in my bedroom",
            "entities": [
                {
                    "entity": "sharon_lights_state:sharon_lights_state",
                    "start": 10,
                    "end": 14,
                    "body": "dark",
                    "entities": []
                },
                {
                    "entity": "sharon_room:sharon_room",
                    "start": 18,
                    "end": 28,
                    "body": "my bedroom",
                    "entities": []
                }
            ],
            "traits": [
                {
                    "trait": "sharon_device_power",
                    "value": "off"
                }
            ],
            "intent": "sharon_lights"
        },
        {
            "text": "its dark in the living room",
            "entities": [
                {
                    "entity": "sharon_lights_state:sharon_lights_state",
                    "start": 4,
                    "end": 8,
                    "body": "dark",
                    "entities": []
                },
                {
                    "entity": "sharon_room:sharon_room",
                    "start": 16,
                    "end": 27,
                    "body": "living room",
                    "entities": []
                }
            ],
            "traits": [
                {
                    "trait": "sharon_device_power",
                    "value": "on"
                }
            ],
            "intent": "sharon_lights"
        },
        {
            "text": "its scary in here",
            "entities": [
                {
                    "entity": "sharon_fear:sharon_fear",
                    "start": 4,
                    "end": 9,
                    "body": "scary",
                    "entities": []
                },
                {
                    "entity": "sharon_room:sharon_room",
                    "start": 13,
                    "end": 17,
                    "body": "here",
                    "entities": []
                }
            ],
            "traits": [
                {
                    "trait": "wit$sentiment",
                    "value": "negative"
                },
                {
                    "trait": "wit$on_off",
                    "value": "on"
                },
                {
                    "trait": "sharon_device_power",
                    "value": "on"
                },
                {
                    "trait": "sharon_comfort",
                    "value": "true"
                }
            ],
            "intent": "sharon_lights"
        },
        {
            "text": "its too dark in the hall I'm scared",
            "entities": [
                {
                    "entity": "sharon_lights_state:sharon_lights_state",
                    "start": 8,
                    "end": 12,
                    "body": "dark",
                    "entities": []
                },
                {
                    "entity": "sharon_room:sharon_room",
                    "start": 20,
                    "end": 24,
                    "body": "hall",
                    "entities": []
                },
                {
                    "entity": "sharon_fear:sharon_fear",
                    "start": 29,
                    "end": 35,
                    "body": "scared",
                    "entities": []
                }
            ],
            "traits": [
                {
                    "trait": "wit$sentiment",
                    "value": "negative"
                },
                {
                    "trait": "wit$on_off",
                    "value": "on"
                },
                {
                    "trait": "sharon_device_power",
                    "value": "on"
                },
                {
                    "trait": "sharon_comfort",
                    "value": "true"
                }
            ],
            "intent": "sharon_lights"
        },
        {
            "text": "make my bedroom dark",
            "entities": [
                {
                    "entity": "sharon_lights_state:sharon_lights_state",
                    "start": 16,
                    "end": 20,
                    "body": "dark",
                    "entities": []
                },
                {
                    "entity": "sharon_room:sharon_room",
                    "start": 5,
                    "end": 15,
                    "body": "my bedroom",
                    "entities": []
                }
            ],
            "traits": [
                {
                    "trait": "wit$sentiment",
                    "value": "positive"
                },
                {
                    "trait": "sharon_device_power",
                    "value": "off"
                }
            ],
            "intent": "sharon_lights"
        },
        {
            "text": "my flat is a little dark, I'm scared",
            "entities": [
                {
                    "entity": "sharon_lights_state:sharon_lights_state",
                    "start": 20,
                    "end": 24,
                    "body": "dark",
                    "entities": []
                },
                {
                    "entity": "sharon_fear:sharon_fear",
                    "start": 30,
                    "end": 36,
                    "body": "scared",
                    "entities": []
                },
                {
                    "entity": "sharon_room:sharon_room",
                    "start": 3,
                    "end": 8,
                    "body": "flat ",
                    "entities": []
                }
            ],
            "traits": [
                {
                    "trait": "wit$sentiment",
                    "value": "negative"
                },
                {
                    "trait": "wit$on_off",
                    "value": "on"
                },
                {
                    "trait": "sharon_device_power",
                    "value": "on"
                },
                {
                    "trait": "sharon_comfort",
                    "value": "true"
                }
            ],
            "intent": "sharon_lights"
        },
        {
            "text": "play 62-143 by nixomnia on spotify",
            "entities": [
                {
                    "entity": "sharon_play_media:sharon_play_media",
                    "start": 0,
                    "end": 4,
                    "body": "play",
                    "entities": []
                },
                {
                    "entity": "sharon_media_name:sharon_media_name",
                    "start": 5,
                    "end": 11,
                    "body": "62-143",
                    "entities": []
                },
                {
                    "entity": "sharon_creators_name:sharon_creators_name",
                    "start": 15,
                    "end": 23,
                    "body": "nixomnia",
                    "entities": []
                },
                {
                    "entity": "sharon_lights_state:sharon_lights_state",
                    "start": 24,
                    "end": 26,
                    "body": "on",
                    "entities": []
                },
                {
                    "entity": "sharon_spotify_search:sharon_spotify_search",
                    "start": 27,
                    "end": 34,
                    "body": "spotify",
                    "entities": []
                }
            ],
            "traits": [
                {
                    "trait": "wit$sentiment",
                    "value": "neutral"
                },
                {
                    "trait": "wit$on_off",
                    "value": "on"
                },
                {
                    "trait": "sharon_play_music",
                    "value": "true"
                },
                {
                    "trait": "sharon_media_name_available",
                    "value": "true"
                },
                {
                    "trait": "sharon_artist_name_available",
                    "value": "true"
                }
            ],
            "intent": "sharon_play_media"
        },
        {
            "text": "play a random song on spotify",
            "entities": [
                {
                    "entity": "sharon_play_media:sharon_play_media",
                    "start": 0,
                    "end": 4,
                    "body": "play",
                    "entities": []
                },
                {
                    "entity": "sharon_spotify_search:sharon_spotify_search",
                    "start": 22,
                    "end": 29,
                    "body": "spotify",
                    "entities": []
                }
            ],
            "traits": [
                {
                    "trait": "wit$sentiment",
                    "value": "neutral"
                },
                {
                    "trait": "sharon_play_music",
                    "value": "true"
                },
                {
                    "trait": "sharon_media_name_available",
                    "value": "false"
                },
                {
                    "trait": "sharon_artist_name_available",
                    "value": "false"
                }
            ],
            "intent": "sharon_play_media"
        },
        {
            "text": "play a song by post malone on spotify",
            "entities": [
                {
                    "entity": "sharon_play_media:sharon_play_media",
                    "start": 0,
                    "end": 4,
                    "body": "play",
                    "entities": []
                },
                {
                    "entity": "sharon_creators_name:sharon_creators_name",
                    "start": 15,
                    "end": 26,
                    "body": "post malone",
                    "entities": []
                },
                {
                    "entity": "sharon_spotify_search:sharon_spotify_search",
                    "start": 30,
                    "end": 37,
                    "body": "spotify",
                    "entities": []
                }
            ],
            "traits": [
                {
                    "trait": "sharon_media_name_available",
                    "value": "false"
                },
                {
                    "trait": "sharon_artist_name_available",
                    "value": "true"
                },
                {
                    "trait": "sharon_play_music",
                    "value": "true"
                }
            ],
            "intent": "sharon_play_media"
        },
        {
            "text": "play a song on spotify",
            "entities": [
                {
                    "entity": "sharon_play_media:sharon_play_media",
                    "start": 0,
                    "end": 4,
                    "body": "play",
                    "entities": []
                },
                {
                    "entity": "sharon_spotify_search:sharon_spotify_search",
                    "start": 15,
                    "end": 22,
                    "body": "spotify",
                    "entities": []
                }
            ],
            "traits": [
                {
                    "trait": "sharon_media_name_available",
                    "value": "false"
                },
                {
                    "trait": "sharon_artist_name_available",
                    "value": "false"
                },
                {
                    "trait": "sharon_play_music",
                    "value": "true"
                }
            ],
            "intent": "sharon_play_media"
        },
        {
            "text": "play circles by post malone",
            "entities": [
                {
                    "entity": "sharon_play_media:sharon_play_media",
                    "start": 0,
                    "end": 4,
                    "body": "play",
                    "entities": []
                },
                {
                    "entity": "sharon_media_name:sharon_media_name",
                    "start": 5,
                    "end": 12,
                    "body": "circles",
                    "entities": []
                },
                {
                    "entity": "sharon_creators_name:sharon_creators_name",
                    "start": 16,
                    "end": 27,
                    "body": "post malone",
                    "entities": []
                }
            ],
            "traits": [
                {
                    "trait": "wit$sentiment",
                    "value": "neutral"
                },
                {
                    "trait": "wit$on_off",
                    "value": "on"
                },
                {
                    "trait": "sharon_play_music",
                    "value": "true"
                },
                {
                    "trait": "sharon_media_name_available",
                    "value": "true"
                },
                {
                    "trait": "sharon_artist_name_available",
                    "value": "true"
                }
            ],
            "intent": "sharon_play_media"
        },
        {
            "text": "play circles by post malone on spotify",
            "entities": [
                {
                    "entity": "sharon_play_media:sharon_play_media",
                    "start": 0,
                    "end": 4,
                    "body": "play",
                    "entities": []
                },
                {
                    "entity": "sharon_media_name:sharon_media_name",
                    "start": 5,
                    "end": 13,
                    "body": "circles ",
                    "entities": []
                },
                {
                    "entity": "sharon_creators_name:sharon_creators_name",
                    "start": 16,
                    "end": 27,
                    "body": "post malone",
                    "entities": []
                },
                {
                    "entity": "sharon_spotify_search:sharon_spotify_search",
                    "start": 31,
                    "end": 38,
                    "body": "spotify",
                    "entities": []
                }
            ],
            "traits": [
                {
                    "trait": "sharon_artist_name_available",
                    "value": "true"
                },
                {
                    "trait": "sharon_play_music",
                    "value": "true"
                },
                {
                    "trait": "sharon_media_name_available",
                    "value": "true"
                }
            ],
            "intent": "sharon_play_media"
        },
        {
            "text": "play circles on spotify",
            "entities": [
                {
                    "entity": "sharon_play_media:sharon_play_media",
                    "start": 0,
                    "end": 4,
                    "body": "play",
                    "entities": []
                },
                {
                    "entity": "sharon_media_name:sharon_media_name",
                    "start": 5,
                    "end": 12,
                    "body": "circles",
                    "entities": []
                },
                {
                    "entity": "sharon_spotify_search:sharon_spotify_search",
                    "start": 16,
                    "end": 23,
                    "body": "spotify",
                    "entities": []
                }
            ],
            "traits": [
                {
                    "trait": "sharon_media_name_available",
                    "value": "true"
                },
                {
                    "trait": "sharon_play_music",
                    "value": "true"
                },
                {
                    "trait": "sharon_artist_name_available",
                    "value": "false"
                }
            ],
            "intent": "sharon_play_media"
        },
        {
            "text": "play grenade by bruno mars",
            "entities": [
                {
                    "entity": "sharon_play_media:sharon_play_media",
                    "start": 0,
                    "end": 4,
                    "body": "play",
                    "entities": []
                },
                {
                    "entity": "sharon_creators_name:sharon_creators_name",
                    "start": 16,
                    "end": 26,
                    "body": "bruno mars",
                    "entities": []
                },
                {
                    "entity": "sharon_media_name:sharon_media_name",
                    "start": 5,
                    "end": 13,
                    "body": "grenade ",
                    "entities": []
                }
            ],
            "traits": [
                {
                    "trait": "wit$sentiment",
                    "value": "neutral"
                },
                {
                    "trait": "wit$on_off",
                    "value": "on"
                },
                {
                    "trait": "sharon_play_music",
                    "value": "true"
                },
                {
                    "trait": "sharon_artist_name_available",
                    "value": "true"
                },
                {
                    "trait": "sharon_media_name_available",
                    "value": "true"
                }
            ],
            "intent": "sharon_play_media"
        },
        {
            "text": "play parisian addiction by saint peters dream on spotify",
            "entities": [
                {
                    "entity": "sharon_play_media:sharon_play_media",
                    "start": 0,
                    "end": 4,
                    "body": "play",
                    "entities": []
                },
                {
                    "entity": "sharon_media_name:sharon_media_name",
                    "start": 5,
                    "end": 23,
                    "body": "parisian addiction",
                    "entities": []
                },
                {
                    "entity": "sharon_creators_name:sharon_creators_name",
                    "start": 27,
                    "end": 45,
                    "body": "saint peters dream",
                    "entities": []
                },
                {
                    "entity": "sharon_spotify_search:sharon_spotify_search",
                    "start": 49,
                    "end": 56,
                    "body": "spotify",
                    "entities": []
                }
            ],
            "traits": [
                {
                    "trait": "wit$sentiment",
                    "value": "neutral"
                },
                {
                    "trait": "sharon_play_music",
                    "value": "true"
                },
                {
                    "trait": "sharon_artist_name_available",
                    "value": "true"
                },
                {
                    "trait": "sharon_media_name_available",
                    "value": "true"
                }
            ],
            "intent": "sharon_play_media"
        },
        {
            "text": "play planet six by triple one on Spotify",
            "entities": [
                {
                    "entity": "sharon_play_media:sharon_play_media",
                    "start": 0,
                    "end": 4,
                    "body": "play",
                    "entities": []
                },
                {
                    "entity": "sharon_media_name:sharon_media_name",
                    "start": 5,
                    "end": 15,
                    "body": "planet six",
                    "entities": []
                },
                {
                    "entity": "sharon_creators_name:sharon_creators_name",
                    "start": 19,
                    "end": 29,
                    "body": "triple one",
                    "entities": []
                },
                {
                    "entity": "sharon_lights_state:sharon_lights_state",
                    "start": 30,
                    "end": 32,
                    "body": "on",
                    "entities": []
                },
                {
                    "entity": "sharon_spotify_search:sharon_spotify_search",
                    "start": 33,
                    "end": 40,
                    "body": "Spotify",
                    "entities": []
                }
            ],
            "traits": [
                {
                    "trait": "wit$sentiment",
                    "value": "neutral"
                },
                {
                    "trait": "wit$on_off",
                    "value": "on"
                },
                {
                    "trait": "sharon_play_music",
                    "value": "true"
                },
                {
                    "trait": "sharon_media_name_available",
                    "value": "true"
                },
                {
                    "trait": "sharon_artist_name_available",
                    "value": "true"
                }
            ],
            "intent": "sharon_play_media"
        },
        {
            "text": "play pope is a rockstar on spotify",
            "entities": [
                {
                    "entity": "sharon_play_media:sharon_play_media",
                    "start": 0,
                    "end": 4,
                    "body": "play",
                    "entities": []
                },
                {
                    "entity": "sharon_spotify_search:sharon_spotify_search",
                    "start": 27,
                    "end": 34,
                    "body": "spotify",
                    "entities": []
                },
                {
                    "entity": "sharon_media_name:sharon_media_name",
                    "start": 5,
                    "end": 23,
                    "body": "pope is a rockstar",
                    "entities": []
                }
            ],
            "traits": [
                {
                    "trait": "wit$sentiment",
                    "value": "positive"
                },
                {
                    "trait": "sharon_play_music",
                    "value": "true"
                },
                {
                    "trait": "sharon_artist_name_available",
                    "value": "false"
                },
                {
                    "trait": "sharon_media_name_available",
                    "value": "true"
                }
            ],
            "intent": "sharon_play_media"
        },
        {
            "text": "play run by joji on spotify",
            "entities": [
                {
                    "entity": "sharon_play_media:sharon_play_media",
                    "start": 0,
                    "end": 4,
                    "body": "play",
                    "entities": []
                },
                {
                    "entity": "sharon_media_name:sharon_media_name",
                    "start": 5,
                    "end": 8,
                    "body": "run",
                    "entities": []
                },
                {
                    "entity": "sharon_creators_name:sharon_creators_name",
                    "start": 12,
                    "end": 16,
                    "body": "joji",
                    "entities": []
                },
                {
                    "entity": "sharon_lights_state:sharon_lights_state",
                    "start": 17,
                    "end": 19,
                    "body": "on",
                    "entities": []
                },
                {
                    "entity": "sharon_spotify_search:sharon_spotify_search",
                    "start": 20,
                    "end": 27,
                    "body": "spotify",
                    "entities": []
                }
            ],
            "traits": [
                {
                    "trait": "wit$sentiment",
                    "value": "neutral"
                },
                {
                    "trait": "wit$on_off",
                    "value": "on"
                },
                {
                    "trait": "sharon_play_music",
                    "value": "true"
                },
                {
                    "trait": "sharon_media_name_available",
                    "value": "true"
                },
                {
                    "trait": "sharon_artist_name_available",
                    "value": "true"
                }
            ],
            "intent": "sharon_play_media"
        },
        {
            "text": "play save your tears by the weeknd on spotify",
            "entities": [
                {
                    "entity": "sharon_play_media:sharon_play_media",
                    "start": 0,
                    "end": 4,
                    "body": "play",
                    "entities": []
                },
                {
                    "entity": "sharon_media_name:sharon_media_name",
                    "start": 5,
                    "end": 20,
                    "body": "save your tears",
                    "entities": []
                },
                {
                    "entity": "sharon_lights_state:sharon_lights_state",
                    "start": 35,
                    "end": 37,
                    "body": "on",
                    "entities": []
                },
                {
                    "entity": "sharon_spotify_search:sharon_spotify_search",
                    "start": 38,
                    "end": 45,
                    "body": "spotify",
                    "entities": []
                },
                {
                    "entity": "sharon_creators_name:sharon_creators_name",
                    "start": 24,
                    "end": 34,
                    "body": "the weeknd",
                    "entities": []
                }
            ],
            "traits": [
                {
                    "trait": "wit$sentiment",
                    "value": "positive"
                },
                {
                    "trait": "wit$on_off",
                    "value": "on"
                },
                {
                    "trait": "sharon_play_music",
                    "value": "true"
                },
                {
                    "trait": "sharon_media_name_available",
                    "value": "true"
                },
                {
                    "trait": "sharon_artist_name_available",
                    "value": "true"
                }
            ],
            "intent": "sharon_play_media"
        },
        {
            "text": "play sofia by clairo on spotify",
            "entities": [
                {
                    "entity": "sharon_play_media:sharon_play_media",
                    "start": 0,
                    "end": 4,
                    "body": "play",
                    "entities": []
                },
                {
                    "entity": "sharon_media_name:sharon_media_name",
                    "start": 5,
                    "end": 10,
                    "body": "sofia",
                    "entities": []
                },
                {
                    "entity": "sharon_spotify_search:sharon_spotify_search",
                    "start": 24,
                    "end": 31,
                    "body": "spotify",
                    "entities": []
                },
                {
                    "entity": "sharon_creators_name:sharon_creators_name",
                    "start": 14,
                    "end": 21,
                    "body": "clairo ",
                    "entities": []
                }
            ],
            "traits": [
                {
                    "trait": "wit$sentiment",
                    "value": "neutral"
                },
                {
                    "trait": "sharon_play_music",
                    "value": "true"
                },
                {
                    "trait": "sharon_media_name_available",
                    "value": "true"
                },
                {
                    "trait": "sharon_artist_name_available",
                    "value": "true"
                }
            ],
            "intent": "sharon_play_media"
        },
        {
            "text": "play titanium by Sia on spotify",
            "entities": [
                {
                    "entity": "sharon_play_media:sharon_play_media",
                    "start": 0,
                    "end": 4,
                    "body": "play",
                    "entities": []
                },
                {
                    "entity": "sharon_media_name:sharon_media_name",
                    "start": 5,
                    "end": 13,
                    "body": "titanium",
                    "entities": []
                },
                {
                    "entity": "sharon_creators_name:sharon_creators_name",
                    "start": 17,
                    "end": 20,
                    "body": "Sia",
                    "entities": []
                },
                {
                    "entity": "sharon_spotify_search:sharon_spotify_search",
                    "start": 24,
                    "end": 31,
                    "body": "spotify",
                    "entities": []
                }
            ],
            "traits": [
                {
                    "trait": "wit$sentiment",
                    "value": "neutral"
                },
                {
                    "trait": "wit$on_off",
                    "value": "on"
                },
                {
                    "trait": "sharon_play_music",
                    "value": "true"
                },
                {
                    "trait": "sharon_media_name_available",
                    "value": "true"
                },
                {
                    "trait": "sharon_artist_name_available",
                    "value": "true"
                }
            ],
            "intent": "sharon_play_media"
        },
        {
            "text": "play titanium on spotify",
            "entities": [
                {
                    "entity": "sharon_play_media:sharon_play_media",
                    "start": 0,
                    "end": 4,
                    "body": "play",
                    "entities": []
                },
                {
                    "entity": "sharon_lights_state:sharon_lights_state",
                    "start": 14,
                    "end": 16,
                    "body": "on",
                    "entities": []
                },
                {
                    "entity": "sharon_spotify_search:sharon_spotify_search",
                    "start": 17,
                    "end": 24,
                    "body": "spotify",
                    "entities": []
                },
                {
                    "entity": "sharon_media_name:sharon_media_name",
                    "start": 5,
                    "end": 14,
                    "body": "titanium ",
                    "entities": []
                }
            ],
            "traits": [
                {
                    "trait": "wit$sentiment",
                    "value": "neutral"
                },
                {
                    "trait": "wit$on_off",
                    "value": "on"
                },
                {
                    "trait": "sharon_play_music",
                    "value": "true"
                },
                {
                    "trait": "sharon_media_name_available",
                    "value": "true"
                },
                {
                    "trait": "sharon_artist_name_available",
                    "value": "false"
                }
            ],
            "intent": "sharon_play_media"
        },
        {
            "text": "play up by olly murs on spotify",
            "entities": [
                {
                    "entity": "sharon_play_media:sharon_play_media",
                    "start": 0,
                    "end": 4,
                    "body": "play",
                    "entities": []
                },
                {
                    "entity": "sharon_media_name:sharon_media_name",
                    "start": 5,
                    "end": 7,
                    "body": "up",
                    "entities": []
                },
                {
                    "entity": "sharon_creators_name:sharon_creators_name",
                    "start": 11,
                    "end": 20,
                    "body": "olly murs",
                    "entities": []
                },
                {
                    "entity": "sharon_lights_state:sharon_lights_state",
                    "start": 21,
                    "end": 23,
                    "body": "on",
                    "entities": []
                },
                {
                    "entity": "sharon_spotify_search:sharon_spotify_search",
                    "start": 24,
                    "end": 31,
                    "body": "spotify",
                    "entities": []
                }
            ],
            "traits": [
                {
                    "trait": "wit$sentiment",
                    "value": "neutral"
                },
                {
                    "trait": "wit$on_off",
                    "value": "on"
                },
                {
                    "trait": "sharon_play_music",
                    "value": "true"
                },
                {
                    "trait": "sharon_media_name_available",
                    "value": "true"
                },
                {
                    "trait": "sharon_artist_name_available",
                    "value": "true"
                }
            ],
            "intent": "sharon_play_media"
        },
        {
            "text": "the bathroom is pretty bright right now",
            "entities": [
                {
                    "entity": "sharon_room:sharon_room",
                    "start": 4,
                    "end": 12,
                    "body": "bathroom",
                    "entities": []
                },
                {
                    "entity": "sharon_lights_state:sharon_lights_state",
                    "start": 23,
                    "end": 29,
                    "body": "bright",
                    "entities": []
                }
            ],
            "traits": [
                {
                    "trait": "wit$on_off",
                    "value": "off"
                },
                {
                    "trait": "sharon_device_power",
                    "value": "off"
                }
            ],
            "intent": "sharon_lights"
        },
        {
            "text": "the bedroom is pretty bright right now",
            "entities": [
                {
                    "entity": "sharon_room:sharon_room",
                    "start": 4,
                    "end": 11,
                    "body": "bedroom",
                    "entities": []
                },
                {
                    "entity": "sharon_lights_state:sharon_lights_state",
                    "start": 22,
                    "end": 28,
                    "body": "bright",
                    "entities": []
                }
            ],
            "traits": [
                {
                    "trait": "wit$on_off",
                    "value": "off"
                },
                {
                    "trait": "sharon_device_power",
                    "value": "off"
                }
            ],
            "intent": "sharon_lights"
        },
        {
            "text": "the hall is looking pretty scary",
            "entities": [
                {
                    "entity": "sharon_room:sharon_room",
                    "start": 4,
                    "end": 8,
                    "body": "hall",
                    "entities": []
                },
                {
                    "entity": "sharon_fear:sharon_fear",
                    "start": 27,
                    "end": 32,
                    "body": "scary",
                    "entities": []
                }
            ],
            "traits": [
                {
                    "trait": "wit$on_off",
                    "value": "on"
                },
                {
                    "trait": "sharon_device_power",
                    "value": "on"
                },
                {
                    "trait": "sharon_comfort",
                    "value": "true"
                }
            ],
            "intent": "sharon_lights"
        },
        {
            "text": "the hall is looking pretty scary its too dark",
            "entities": [
                {
                    "entity": "sharon_room:sharon_room",
                    "start": 4,
                    "end": 8,
                    "body": "hall",
                    "entities": []
                },
                {
                    "entity": "sharon_fear:sharon_fear",
                    "start": 27,
                    "end": 32,
                    "body": "scary",
                    "entities": []
                },
                {
                    "entity": "sharon_lights_state:sharon_lights_state",
                    "start": 41,
                    "end": 45,
                    "body": "dark",
                    "entities": []
                }
            ],
            "traits": [
                {
                    "trait": "wit$on_off",
                    "value": "on"
                },
                {
                    "trait": "sharon_device_power",
                    "value": "on"
                },
                {
                    "trait": "sharon_comfort",
                    "value": "true"
                }
            ],
            "intent": "sharon_lights"
        },
        {
            "text": "the hall is pretty bright right now",
            "entities": [
                {
                    "entity": "sharon_room:sharon_room",
                    "start": 4,
                    "end": 8,
                    "body": "hall",
                    "entities": []
                },
                {
                    "entity": "sharon_lights_state:sharon_lights_state",
                    "start": 19,
                    "end": 25,
                    "body": "bright",
                    "entities": []
                }
            ],
            "traits": [
                {
                    "trait": "wit$on_off",
                    "value": "off"
                },
                {
                    "trait": "sharon_device_power",
                    "value": "off"
                }
            ],
            "intent": "sharon_lights"
        },
        {
            "text": "the hall is scarily dark",
            "entities": [
                {
                    "entity": "sharon_room:sharon_room",
                    "start": 4,
                    "end": 8,
                    "body": "hall",
                    "entities": []
                },
                {
                    "entity": "sharon_lights_state:sharon_lights_state",
                    "start": 20,
                    "end": 24,
                    "body": "dark",
                    "entities": []
                },
                {
                    "entity": "sharon_fear:sharon_fear",
                    "start": 12,
                    "end": 20,
                    "body": "scarily ",
                    "entities": []
                }
            ],
            "traits": [
                {
                    "trait": "wit$on_off",
                    "value": "on"
                },
                {
                    "trait": "sharon_device_power",
                    "value": "on"
                },
                {
                    "trait": "sharon_comfort",
                    "value": "true"
                }
            ],
            "intent": "sharon_lights"
        },
        {
            "text": "the hall is too dim to see",
            "entities": [
                {
                    "entity": "sharon_lights_state:sharon_lights_state",
                    "start": 16,
                    "end": 19,
                    "body": "dim",
                    "entities": []
                },
                {
                    "entity": "sharon_room:sharon_room",
                    "start": 4,
                    "end": 8,
                    "body": "hall",
                    "entities": []
                }
            ],
            "traits": [
                {
                    "trait": "sharon_device_power",
                    "value": "on"
                }
            ],
            "intent": "sharon_lights"
        },
        {
            "text": "the hallway is too dark",
            "entities": [
                {
                    "entity": "sharon_lights_state:sharon_lights_state",
                    "start": 19,
                    "end": 23,
                    "body": "dark",
                    "entities": []
                },
                {
                    "entity": "sharon_room:sharon_room",
                    "start": 4,
                    "end": 12,
                    "body": "hallway ",
                    "entities": []
                }
            ],
            "traits": [
                {
                    "trait": "sharon_device_power",
                    "value": "on"
                }
            ],
            "intent": "sharon_lights"
        },
        {
            "text": "the kitchen is a little bright",
            "entities": [
                {
                    "entity": "sharon_room:sharon_room",
                    "start": 4,
                    "end": 11,
                    "body": "kitchen",
                    "entities": []
                },
                {
                    "entity": "sharon_lights_state:sharon_lights_state",
                    "start": 24,
                    "end": 30,
                    "body": "bright",
                    "entities": []
                }
            ],
            "traits": [
                {
                    "trait": "wit$sentiment",
                    "value": "positive"
                },
                {
                    "trait": "sharon_device_power",
                    "value": "off"
                }
            ],
            "intent": "sharon_lights"
        },
        {
            "text": "the kitchen is a little dark",
            "entities": [
                {
                    "entity": "sharon_room:sharon_room",
                    "start": 4,
                    "end": 11,
                    "body": "kitchen",
                    "entities": []
                },
                {
                    "entity": "sharon_lights_state:sharon_lights_state",
                    "start": 24,
                    "end": 28,
                    "body": "dark",
                    "entities": []
                }
            ],
            "traits": [
                {
                    "trait": "wit$sentiment",
                    "value": "positive"
                },
                {
                    "trait": "wit$on_off",
                    "value": "on"
                },
                {
                    "trait": "sharon_device_power",
                    "value": "on"
                }
            ],
            "intent": "sharon_lights"
        },
        {
            "text": "the lights in the kitchen are too bright",
            "entities": [
                {
                    "entity": "sharon_device:sharon_device",
                    "start": 4,
                    "end": 10,
                    "body": "lights",
                    "entities": []
                },
                {
                    "entity": "sharon_room:sharon_room",
                    "start": 18,
                    "end": 25,
                    "body": "kitchen",
                    "entities": []
                },
                {
                    "entity": "sharon_lights_state:sharon_lights_state",
                    "start": 34,
                    "end": 40,
                    "body": "bright",
                    "entities": []
                }
            ],
            "traits": [
                {
                    "trait": "sharon_device_power",
                    "value": "off"
                }
            ],
            "intent": "sharon_lights"
        },
        {
            "text": "this is terrifying",
            "entities": [
                {
                    "entity": "sharon_fear:sharon_fear",
                    "start": 8,
                    "end": 18,
                    "body": "terrifying",
                    "entities": []
                }
            ],
            "traits": [
                {
                    "trait": "wit$sentiment",
                    "value": "negative"
                },
                {
                    "trait": "sharon_comfort",
                    "value": "false"
                }
            ],
            "intent": "sharon_comfort"
        },
        {
            "text": "turn bedroom lights off",
            "entities": [
                {
                    "entity": "sharon_lights_state:sharon_lights_state",
                    "start": 20,
                    "end": 23,
                    "body": "off",
                    "entities": []
                },
                {
                    "entity": "sharon_device:sharon_device",
                    "start": 13,
                    "end": 19,
                    "body": "lights",
                    "entities": []
                },
                {
                    "entity": "sharon_room:sharon_room",
                    "start": 5,
                    "end": 12,
                    "body": "bedroom",
                    "entities": []
                }
            ],
            "traits": [
                {
                    "trait": "wit$sentiment",
                    "value": "neutral"
                },
                {
                    "trait": "wit$on_off",
                    "value": "off"
                },
                {
                    "trait": "sharon_device_power",
                    "value": "off"
                }
            ],
            "intent": "sharon_lights"
        },
        {
            "text": "turn down the living room light",
            "entities": [
                {
                    "entity": "sharon_room:sharon_room",
                    "start": 14,
                    "end": 25,
                    "body": "living room",
                    "entities": []
                },
                {
                    "entity": "sharon_device:sharon_device",
                    "start": 26,
                    "end": 31,
                    "body": "light",
                    "entities": []
                }
            ],
            "traits": [
                {
                    "trait": "sharon_device_power",
                    "value": "off"
                }
            ],
            "intent": "sharon_lights"
        },
        {
            "text": "turn on my bedside lamp",
            "entities": [
                {
                    "entity": "sharon_device_state:sharon_device_state",
                    "start": 5,
                    "end": 7,
                    "body": "on",
                    "entities": [
                        {
                            "entity": "sharon_lights_state:sharon_lights_state",
                            "start": 0,
                            "end": 2,
                            "body": "on",
                            "entities": []
                        }
                    ]
                },
                {
                    "entity": "sharon_device:sharon_device",
                    "start": 11,
                    "end": 23,
                    "body": "bedside lamp",
                    "entities": []
                }
            ],
            "traits": [
                {
                    "trait": "sharon_device_power",
                    "value": "on"
                }
            ],
            "intent": "sharon_lights"
        },
        {
            "text": "turn the bathroom light off",
            "entities": [
                {
                    "entity": "sharon_room:sharon_room",
                    "start": 9,
                    "end": 17,
                    "body": "bathroom",
                    "entities": []
                },
                {
                    "entity": "sharon_device:sharon_device",
                    "start": 18,
                    "end": 23,
                    "body": "light",
                    "entities": []
                },
                {
                    "entity": "sharon_device_state:sharon_device_state",
                    "start": 24,
                    "end": 27,
                    "body": "off",
                    "entities": []
                }
            ],
            "traits": [
                {
                    "trait": "wit$on_off",
                    "value": "off"
                },
                {
                    "trait": "sharon_device_power",
                    "value": "off"
                }
            ],
            "intent": "sharon_lights"
        },
        {
            "text": "turn the bedroom light off",
            "entities": [
                {
                    "entity": "sharon_room:sharon_room",
                    "start": 9,
                    "end": 16,
                    "body": "bedroom",
                    "entities": []
                },
                {
                    "entity": "sharon_device:sharon_device",
                    "start": 17,
                    "end": 22,
                    "body": "light",
                    "entities": []
                },
                {
                    "entity": "sharon_device_state:sharon_device_state",
                    "start": 23,
                    "end": 26,
                    "body": "off",
                    "entities": []
                }
            ],
            "traits": [
                {
                    "trait": "wit$on_off",
                    "value": "off"
                },
                {
                    "trait": "sharon_device_power",
                    "value": "off"
                }
            ],
            "intent": "sharon_lights"
        },
        {
            "text": "turn the bedroom lights off",
            "entities": [
                {
                    "entity": "sharon_room:sharon_room",
                    "start": 9,
                    "end": 16,
                    "body": "bedroom",
                    "entities": []
                },
                {
                    "entity": "sharon_device:sharon_device",
                    "start": 17,
                    "end": 23,
                    "body": "lights",
                    "entities": []
                },
                {
                    "entity": "sharon_lights_state:sharon_lights_state",
                    "start": 24,
                    "end": 27,
                    "body": "off",
                    "entities": []
                }
            ],
            "traits": [
                {
                    "trait": "wit$sentiment",
                    "value": "neutral"
                },
                {
                    "trait": "wit$on_off",
                    "value": "off"
                },
                {
                    "trait": "sharon_device_power",
                    "value": "off"
                }
            ],
            "intent": "sharon_lights"
        },
        {
            "text": "turn the kitchen lights off",
            "entities": [
                {
                    "entity": "sharon_device:sharon_device",
                    "start": 17,
                    "end": 23,
                    "body": "lights",
                    "entities": []
                },
                {
                    "entity": "sharon_device_state:sharon_device_state",
                    "start": 24,
                    "end": 27,
                    "body": "off",
                    "entities": [
                        {
                            "entity": "sharon_lights_state:sharon_lights_state",
                            "start": 0,
                            "end": 3,
                            "body": "off",
                            "entities": []
                        }
                    ]
                },
                {
                    "entity": "sharon_room:sharon_room",
                    "start": 9,
                    "end": 17,
                    "body": "kitchen ",
                    "entities": []
                }
            ],
            "traits": [
                {
                    "trait": "sharon_device_power",
                    "value": "off"
                }
            ],
            "intent": "sharon_lights"
        },
        {
            "text": "turn the lights in the kitchen off",
            "entities": [
                {
                    "entity": "sharon_device:sharon_device",
                    "start": 9,
                    "end": 15,
                    "body": "lights",
                    "entities": []
                },
                {
                    "entity": "sharon_room:sharon_room",
                    "start": 23,
                    "end": 30,
                    "body": "kitchen",
                    "entities": []
                },
                {
                    "entity": "sharon_device_state:sharon_device_state",
                    "start": 31,
                    "end": 34,
                    "body": "off",
                    "entities": [
                        {
                            "entity": "sharon_lights_state:sharon_lights_state",
                            "start": 0,
                            "end": 3,
                            "body": "off",
                            "entities": []
                        }
                    ]
                }
            ],
            "traits": [
                {
                    "trait": "sharon_device_power",
                    "value": "off"
                }
            ],
            "intent": "sharon_lights"
        },
        {
            "text": "what is 12 plus 12",
            "entities": [
                {
                    "entity": "sharon_mathematical:sharon_mathematical",
                    "start": 11,
                    "end": 15,
                    "body": "plus",
                    "entities": []
                },
                {
                    "entity": "sharon_amount:sharon_amount",
                    "start": 8,
                    "end": 10,
                    "body": "12",
                    "entities": []
                },
                {
                    "entity": "sharon_amount:sharon_amount",
                    "start": 16,
                    "end": 18,
                    "body": "12",
                    "entities": []
                }
            ],
            "traits": [
                {
                    "trait": "wit$sentiment",
                    "value": "neutral"
                },
                {
                    "trait": "wit$on_off",
                    "value": "on"
                },
                {
                    "trait": "sharon_maths",
                    "value": "true"
                },
                {
                    "trait": "sharon_question",
                    "value": "true"
                }
            ],
            "intent": "sharon_maths"
        },
        {
            "text": "what is 12 plus 15 plus 1 plus 9",
            "entities": [
                {
                    "entity": "sharon_amount:sharon_amount",
                    "start": 8,
                    "end": 10,
                    "body": "12",
                    "entities": []
                },
                {
                    "entity": "sharon_mathematical:sharon_mathematical",
                    "start": 11,
                    "end": 15,
                    "body": "plus",
                    "entities": []
                },
                {
                    "entity": "sharon_amount:sharon_amount",
                    "start": 16,
                    "end": 18,
                    "body": "15",
                    "entities": []
                },
                {
                    "entity": "sharon_mathematical:sharon_mathematical",
                    "start": 19,
                    "end": 23,
                    "body": "plus",
                    "entities": []
                },
                {
                    "entity": "sharon_amount:sharon_amount",
                    "start": 24,
                    "end": 25,
                    "body": "1",
                    "entities": []
                },
                {
                    "entity": "sharon_mathematical:sharon_mathematical",
                    "start": 26,
                    "end": 30,
                    "body": "plus",
                    "entities": []
                },
                {
                    "entity": "sharon_amount:sharon_amount",
                    "start": 31,
                    "end": 32,
                    "body": "9",
                    "entities": []
                }
            ],
            "traits": [
                {
                    "trait": "wit$on_off",
                    "value": "on"
                },
                {
                    "trait": "sharon_maths",
                    "value": "true"
                },
                {
                    "trait": "sharon_question",
                    "value": "true"
                }
            ],
            "intent": "sharon_maths"
        },
        {
            "text": "what is 12 plus 18",
            "entities": [
                {
                    "entity": "sharon_amount:sharon_amount",
                    "start": 8,
                    "end": 10,
                    "body": "12",
                    "entities": []
                },
                {
                    "entity": "sharon_mathematical:sharon_mathematical",
                    "start": 11,
                    "end": 15,
                    "body": "plus",
                    "entities": []
                },
                {
                    "entity": "sharon_amount:sharon_amount",
                    "start": 16,
                    "end": 18,
                    "body": "18",
                    "entities": []
                }
            ],
            "traits": [
                {
                    "trait": "wit$sentiment",
                    "value": "neutral"
                },
                {
                    "trait": "wit$on_off",
                    "value": "on"
                },
                {
                    "trait": "sharon_maths",
                    "value": "true"
                },
                {
                    "trait": "sharon_question",
                    "value": "true"
                }
            ],
            "intent": "sharon_maths"
        },
        {
            "text": "what is 13 plus 12",
            "entities": [
                {
                    "entity": "sharon_amount:sharon_amount",
                    "start": 8,
                    "end": 10,
                    "body": "13",
                    "entities": []
                },
                {
                    "entity": "sharon_mathematical:sharon_mathematical",
                    "start": 11,
                    "end": 15,
                    "body": "plus",
                    "entities": []
                },
                {
                    "entity": "sharon_amount:sharon_amount",
                    "start": 16,
                    "end": 18,
                    "body": "12",
                    "entities": []
                }
            ],
            "traits": [
                {
                    "trait": "wit$sentiment",
                    "value": "neutral"
                },
                {
                    "trait": "wit$on_off",
                    "value": "on"
                },
                {
                    "trait": "sharon_maths",
                    "value": "true"
                },
                {
                    "trait": "sharon_question",
                    "value": "true"
                }
            ],
            "intent": "sharon_maths"
        },
        {
            "text": "what is 13 plus 12 plus 15",
            "entities": [
                {
                    "entity": "sharon_amount:sharon_amount",
                    "start": 8,
                    "end": 10,
                    "body": "13",
                    "entities": []
                },
                {
                    "entity": "sharon_mathematical:sharon_mathematical",
                    "start": 11,
                    "end": 15,
                    "body": "plus",
                    "entities": []
                },
                {
                    "entity": "sharon_amount:sharon_amount",
                    "start": 16,
                    "end": 18,
                    "body": "12",
                    "entities": []
                },
                {
                    "entity": "sharon_mathematical:sharon_mathematical",
                    "start": 19,
                    "end": 23,
                    "body": "plus",
                    "entities": []
                },
                {
                    "entity": "sharon_amount:sharon_amount",
                    "start": 24,
                    "end": 26,
                    "body": "15",
                    "entities": []
                }
            ],
            "traits": [
                {
                    "trait": "wit$sentiment",
                    "value": "neutral"
                },
                {
                    "trait": "wit$on_off",
                    "value": "on"
                },
                {
                    "trait": "sharon_maths",
                    "value": "true"
                },
                {
                    "trait": "sharon_question",
                    "value": "true"
                }
            ],
            "intent": "sharon_maths"
        },
        {
            "text": "what is 2 plus 2",
            "entities": [
                {
                    "entity": "sharon_amount:sharon_amount",
                    "start": 8,
                    "end": 10,
                    "body": "2 ",
                    "entities": []
                },
                {
                    "entity": "sharon_mathematical:sharon_mathematical",
                    "start": 10,
                    "end": 14,
                    "body": "plus",
                    "entities": []
                },
                {
                    "entity": "sharon_amount:sharon_amount",
                    "start": 15,
                    "end": 16,
                    "body": "2",
                    "entities": []
                }
            ],
            "traits": [
                {
                    "trait": "wit$sentiment",
                    "value": "neutral"
                },
                {
                    "trait": "wit$on_off",
                    "value": "on"
                },
                {
                    "trait": "sharon_maths",
                    "value": "true"
                },
                {
                    "trait": "sharon_question",
                    "value": "true"
                }
            ],
            "intent": "sharon_maths"
        },
        {
            "text": "what is 3 plus 3",
            "entities": [
                {
                    "entity": "sharon_mathematical:sharon_mathematical",
                    "start": 10,
                    "end": 14,
                    "body": "plus",
                    "entities": []
                },
                {
                    "entity": "sharon_amount:sharon_amount",
                    "start": 15,
                    "end": 16,
                    "body": "3",
                    "entities": []
                },
                {
                    "entity": "sharon_amount:sharon_amount",
                    "start": 8,
                    "end": 10,
                    "body": "3 ",
                    "entities": []
                }
            ],
            "traits": [
                {
                    "trait": "wit$sentiment",
                    "value": "neutral"
                },
                {
                    "trait": "sharon_maths",
                    "value": "true"
                },
                {
                    "trait": "sharon_question",
                    "value": "true"
                }
            ],
            "intent": "sharon_maths"
        },
        {
            "text": "what is 5 plus 5",
            "entities": [
                {
                    "entity": "sharon_amount:sharon_amount",
                    "start": 8,
                    "end": 9,
                    "body": "5",
                    "entities": []
                },
                {
                    "entity": "sharon_mathematical:sharon_mathematical",
                    "start": 10,
                    "end": 14,
                    "body": "plus",
                    "entities": []
                },
                {
                    "entity": "sharon_amount:sharon_amount",
                    "start": 15,
                    "end": 16,
                    "body": "5",
                    "entities": []
                }
            ],
            "traits": [
                {
                    "trait": "wit$sentiment",
                    "value": "neutral"
                },
                {
                    "trait": "wit$on_off",
                    "value": "on"
                },
                {
                    "trait": "sharon_maths",
                    "value": "true"
                },
                {
                    "trait": "sharon_question",
                    "value": "true"
                }
            ],
            "intent": "sharon_maths"
        },
        {
            "text": "what is 7 plus 7",
            "entities": [
                {
                    "entity": "sharon_amount:sharon_amount",
                    "start": 8,
                    "end": 9,
                    "body": "7",
                    "entities": []
                },
                {
                    "entity": "sharon_mathematical:sharon_mathematical",
                    "start": 10,
                    "end": 14,
                    "body": "plus",
                    "entities": []
                },
                {
                    "entity": "sharon_amount:sharon_amount",
                    "start": 15,
                    "end": 16,
                    "body": "7",
                    "entities": []
                }
            ],
            "traits": [
                {
                    "trait": "wit$sentiment",
                    "value": "neutral"
                },
                {
                    "trait": "wit$on_off",
                    "value": "on"
                },
                {
                    "trait": "sharon_maths",
                    "value": "true"
                },
                {
                    "trait": "sharon_question",
                    "value": "true"
                }
            ],
            "intent": "sharon_maths"
        },
        {
            "text": "what is the answer to 5 plus 5",
            "entities": [
                {
                    "entity": "sharon_mathematical:sharon_mathematical",
                    "start": 24,
                    "end": 28,
                    "body": "plus",
                    "entities": []
                },
                {
                    "entity": "sharon_amount:sharon_amount",
                    "start": 29,
                    "end": 30,
                    "body": "5",
                    "entities": []
                },
                {
                    "entity": "sharon_amount:sharon_amount",
                    "start": 22,
                    "end": 24,
                    "body": "5 ",
                    "entities": []
                }
            ],
            "traits": [
                {
                    "trait": "wit$sentiment",
                    "value": "neutral"
                },
                {
                    "trait": "sharon_maths",
                    "value": "true"
                },
                {
                    "trait": "sharon_question",
                    "value": "true"
                }
            ],
            "intent": "sharon_maths"
        },
        {
            "text": "whats 1 plus 12",
            "entities": [
                {
                    "entity": "sharon_amount:sharon_amount",
                    "start": 6,
                    "end": 7,
                    "body": "1",
                    "entities": []
                },
                {
                    "entity": "sharon_mathematical:sharon_mathematical",
                    "start": 8,
                    "end": 12,
                    "body": "plus",
                    "entities": []
                },
                {
                    "entity": "sharon_amount:sharon_amount",
                    "start": 13,
                    "end": 15,
                    "body": "12",
                    "entities": []
                }
            ],
            "traits": [
                {
                    "trait": "wit$sentiment",
                    "value": "neutral"
                },
                {
                    "trait": "wit$on_off",
                    "value": "on"
                },
                {
                    "trait": "sharon_maths",
                    "value": "true"
                },
                {
                    "trait": "sharon_question",
                    "value": "true"
                }
            ],
            "intent": "sharon_maths"
        }
    ]
}
